epoch,time,train/box_loss,train/cls_loss,train/dfl_loss,metrics/precision(B),metrics/recall(B),metrics/mAP50(B),metrics/mAP50-95(B),val/box_loss,val/cls_loss,val/dfl_loss,lr/pg0,lr/pg1,lr/pg2
1,92.4605,0.56565,3.06971,1.17077,0.00317,0.78754,0.12171,0.08033,0.94106,3.71826,1.50439,0.00018,0.00018,0.08218
2,173.409,0.54087,2.60621,1.14827,0.00467,0.91463,0.16141,0.1396,0.5249,3.24116,0.89989,0.000368997,0.000368997,0.063369
3,246.402,0.58492,2.44794,1.14932,0.41307,0.28196,0.23243,0.19604,0.64489,2.67814,1.08912,0.000553943,0.000553943,0.0445539
4,332.001,0.5389,2.19927,1.12451,0.11717,0.45266,0.21943,0.18209,0.63124,2.85865,1.03661,0.00073183,0.00073183,0.0257318
5,409.303,0.56105,2.19587,1.14432,0.16531,0.43392,0.23141,0.18676,0.75021,3.06078,1.07455,0.000899773,0.000899773,0.00689977
6,481.577,0.53,1.99119,1.095,0.28833,0.35968,0.29455,0.26167,0.69985,2.71009,1.04979,0.000933683,0.000933683,0.000933683
7,556.304,0.51928,1.9884,1.12701,0.51247,0.29076,0.25165,0.21239,0.74351,3.29206,1.06737,0.000905463,0.000905463,0.000905463
8,628.252,0.52883,1.95519,1.12776,0.21245,0.52498,0.29862,0.24697,0.65403,3.25582,1.00684,0.000872857,0.000872857,0.000872857
